{
  "best_weights": {
    "sp500_usd": 0.7023818075868873,
    "smi_chf": 0.06825627275145081,
    "gold_usd": 0.13572972791134505,
    "us_gov_bonds_usd": 0.04003835647125638,
    "ch_gov_bonds_chf": 0.05359383527906054
  },
  "best_alpha": 0.4595340531170811,
  "best_withdrawal_rate": 0.0586005201228277,
  "best_withdraw_mult": 1.4650130030706925,
  "best_trial_number": 42,
  "n_trials": 50,
  "target_survival": 0.95,
  "mode": "B_withdraw_max_subject_survival",
  "bootstrap_mode": "block",
  "block_size": 12
}