{
  "best_weights": {
    "sp500_usd": 0.2623972785511498,
    "smi_chf": 0.2482457282888694,
    "gold_usd": 0.2862528969470284,
    "us_gov_bonds_usd": 0.01809289820829969,
    "ch_gov_bonds_chf": 0.1850111980046527
  },
  "best_alpha": 0.449510330759704,
  "best_withdrawal_rate": 0.05469085498942806,
  "best_withdraw_mult": 1.1393928122797512,
  "best_trial_number": 22,
  "n_trials": 50,
  "target_survival": 0.95,
  "mode": "B_withdraw_max_subject_survival",
  "bootstrap_mode": "iid",
  "block_size": 12
}