{
  "mean": 2319539.8561094124,
  "median": 2319328.4236001447,
  "p10": 2182045.0014705104,
  "p90": 2446021.095824686,
  "min": 2058680.673708059,
  "max": 2706592.43188817,
  "survival_rate": 1.0,
  "label": "Block bootstrap (3 months) (alpha=0)",
  "params": {
    "n_paths": 500,
    "random_state": 42,
    "bootstrap_mode": "block",
    "block_size": 3,
    "alpha": 0.0
  }
}