Scenario,Bootstrap,Survival,Failed (count),Failed (%),Neg months / path (median),Neg months / path (mean),Total months,Median terminal (CHF),P10 terminal (CHF),P90 terminal (CHF)
"BASIC (user weights, floor rule)",IID,0.934,66.0,0.066,135.0,134.277,360.0,1096080.5341872214,149429.06624545317,2925054.5184652936
"BASIC (user weights, floor rule)",BLOCK,0.975,25.0,0.025,137.0,137.167,360.0,1314688.9636653988,300889.2885306442,2947950.084760136
"BASIC (user weights, floor rule)",REGIME,0.942,58.0,0.058,133.0,132.545,360.0,1370638.5744316569,156393.26591012877,3295484.4629091085
OPTIMIZED (Bayesian),IID,0.958,42.0,0.042,128.0,127.728,360.0,1598780.3729607584,318584.42143084167,4126397.5670052627
OPTIMIZED (Bayesian),BLOCK,0.982,18.0,0.018,127.0,127.487,360.0,1926458.270250326,513720.7069739336,3959572.10100451
OPTIMIZED (Bayesian),REGIME,0.969,31.0,0.031,126.0,126.014,360.0,1892182.8235686787,400249.7274851792,4563760.909854062
