Scenario,Bootstrap,Survival,Failed (count),Failed (%),Neg months / path (median),Neg months / path (mean),Total months,Median terminal (CHF),P10 terminal (CHF),P90 terminal (CHF)
"BASIC (user weights, floor rule)",IID,0.912,88.0,0.088,134.0,133.526,360.0,2132024.929151878,80441.43052623475,8110978.304738019
"BASIC (user weights, floor rule)",BLOCK,0.946,54.0,0.054,134.0,133.581,360.0,3428975.8748298963,439474.5250900344,10105165.460984208
"BASIC (user weights, floor rule)",REGIME,0.908,92.0,0.092,133.0,132.692,360.0,2217762.0342104356,61519.54713973205,8858543.072953178
OPTIMIZED (Bayesian),IID,0.903,97.0,0.097,131.5,130.405,360.0,2961624.993016921,36540.302660686815,11092581.479566155
OPTIMIZED (Bayesian),BLOCK,0.954,46.0,0.046,130.0,129.787,360.0,4259581.53937909,641938.6132066939,11362692.25658568
OPTIMIZED (Bayesian),REGIME,0.906,94.0,0.094,131.0,129.964,360.0,3133476.7428215295,35041.36262344795,10981781.054538732
