Scenario,Bootstrap,Survival,Failed (count),Failed (%),Neg months / path (median),Neg months / path (mean),Total months,Median terminal (CHF),P10 terminal (CHF),P90 terminal (CHF)
"BASIC (user weights, floor rule)",IID,0.934,66.0,0.066,135.0,134.277,360.0,1096080.5341872214,149429.06624545317,2925054.5184652936
"BASIC (user weights, floor rule)",BLOCK,0.975,25.0,0.025,137.0,137.167,360.0,1314688.9636653988,300889.2885306442,2947950.084760136
"BASIC (user weights, floor rule)",REGIME,0.942,58.0,0.058,133.0,132.545,360.0,1370638.5744316569,156393.26591012877,3295484.4629091085
OPTIMIZED (Bayesian),IID,0.911,89.0,0.089,128.5,127.895,360.0,1606356.372264768,63790.55029875213,4760286.835238442
OPTIMIZED (Bayesian),BLOCK,0.954,46.0,0.046,128.0,127.78,360.0,1739243.4793201918,301990.31284319947,4249583.4641824495
OPTIMIZED (Bayesian),REGIME,0.906,94.0,0.094,127.0,126.809,360.0,1739886.5524913128,18542.029426398552,4744401.359980554
