{
  "mean": 2090019.9851509419,
  "median": 2061305.3050510634,
  "p10": 1555391.2866043989,
  "p90": 2654925.095341072,
  "min": 1064768.4824781893,
  "max": 3723588.854781689,
  "survival_rate": 1.0,
  "label": "IID monthly bootstrap with alpha=10%",
  "params": {
    "n_paths": 500,
    "random_state": 42,
    "bootstrap_mode": "iid",
    "alpha": 0.1
  }
}