{
  "best_value": 0.07423177743238721,
  "best_params": {
    "w_stocks": 0.056042644104448786,
    "w_bonds": 0.003793874069627376,
    "withdrawal_rate": 0.07423177743238721,
    "alpha": 0.22202864040241715
  },
  "best_trial_number": 36,
  "n_trials": 50,
  "target_survival": 0.95,
  "bootstrap_mode": "iid",
  "block_size": 3
}