Scenario,Bootstrap,Median-path CAGR,Median-path Vol (ann.),Median-path Max Drawdown
BASIC,IID,0.0030591490326852266,0.07833410632133156,0.2849229652174069
BASIC,BLOCK,0.009351770054647934,0.07389923379389941,0.2853477722796951
BASIC,REGIME,0.010573231123578664,0.07568849122552208,0.33754989947613867
OPTIMIZED,IID,0.0158358655140467,0.0778074951654682,0.3277879777318523
OPTIMIZED,BLOCK,0.022117510458856682,0.07834819739810157,0.27697259929560303
OPTIMIZED,REGIME,0.021534197146313883,0.07882967480434845,0.2628460943128088
