Scenario,Bootstrap,Median-path CAGR,Median-path Vol (ann.),Median-path Max Drawdown
BASIC,IID,0.019334365035073242,0.1275425514666005,0.39411976197362686
BASIC,BLOCK,0.035618176117923506,0.12774698333588022,0.5134002906370332
BASIC,REGIME,0.020809685489459273,0.1266842501019981,0.567985383022764
OPTIMIZED,IID,0.03054701193682252,0.12901571332160888,0.5874328093015531
OPTIMIZED,BLOCK,0.04315224067888801,0.12585346770600753,0.3155009416126642
OPTIMIZED,REGIME,0.03254964843478425,0.12140718181401892,0.455989684838928
